Customer ID,Recency,Frequency,Monetary,R_Score,F_Score,M_Score,RFM_Total,Segment,KMeans_Cluster,Hier_Cluster
AA-10315,185,11,5563.56,1,2,4,7,Loyal,1,0
AA-10375,20,15,1056.39,4,3,1,8,Loyal,1,0
AA-10480,260,12,1790.5120000000002,1,2,2,5,Potential,1,2
AA-10645,56,18,5086.9349999999995,3,4,4,11,Champions,2,0
AB-10015,416,6,886.156,1,1,1,3,At Risk,0,1
AB-10060,55,18,7755.62,3,4,4,11,Champions,2,0
AB-10105,42,20,14473.570999999998,3,4,4,11,Champions,2,0
AB-10150,42,12,966.71,3,2,1,6,Potential,1,2
AB-10165,26,14,1113.838,4,3,1,8,Loyal,1,0
AB-10255,167,14,914.532,2,3,1,6,Potential,1,2
AB-10600,51,8,1515.862,3,1,2,6,Potential,1,2
AC-10420,233,5,925.8,1,1,1,3,At Risk,1,2
AC-10450,12,9,5527.846,4,2,4,10,Champions,1,0
AC-10615,7,18,2537.6859999999997,4,4,3,11,Champions,2,0
AC-10660,283,6,657.316,1,1,1,3,At Risk,1,2
AD-10180,30,12,6106.88,4,2,4,10,Champions,2,0
AF-10870,42,16,2052.908,3,3,2,8,Loyal,1,0
AF-10885,416,7,861.565,1,1,1,3,At Risk,0,1
AG-10270,279,14,2582.898,1,3,3,7,Loyal,1,2
AG-10300,119,5,367.548,2,1,1,4,At Risk,1,2
AG-10330,9,9,660.972,4,2,1,7,Loyal,1,2
AG-10390,115,8,200.945,2,1,1,4,At Risk,1,2
AG-10495,79,21,2356.855,2,4,3,9,Loyal,2,0
AG-10525,846,9,1455.038,1,2,2,5,Potential,0,1
AG-10675,98,15,3489.0396000000005,2,3,3,8,Loyal,1,0
AG-10765,78,5,170.584,2,1,1,4,At Risk,1,2
AG-10900,97,21,4510.797,2,4,4,10,Champions,2,0
AH-10030,13,11,1744.7,4,2,2,8,Loyal,1,2
AH-10075,35,20,3250.337,3,4,3,10,Champions,2,0
AH-10120,61,16,1735.514,3,3,2,8,Loyal,1,0
AH-10195,56,8,1587.452,3,1,2,6,Potential,1,2
AH-10210,7,13,4805.344,4,3,4,11,Champions,2,0
AH-10465,231,8,2495.3916,1,1,3,5,Potential,1,2
AH-10585,22,5,738.504,4,1,1,6,Potential,1,2
AH-10690,411,23,7888.294,1,4,4,9,Loyal,2,0
AI-10855,14,18,4375.786,4,4,4,12,Champions,2,0
AJ-10780,76,15,4867.344,3,3,4,10,Champions,2,0
AJ-10795,167,21,4501.391,2,4,4,10,Champions,2,0
AJ-10945,86,10,1839.24,2,2,2,6,Potential,1,2
AJ-10960,75,5,629.2479999999999,3,1,1,5,Potential,1,2
AM-10360,29,12,814.012,4,2,1,7,Loyal,1,2
AM-10705,163,22,5664.022,2,4,4,10,Champions,2,0
AO-10810,502,1,161.28,1,1,1,3,At Risk,0,1
AP-10720,42,19,1638.554,3,4,2,9,Loyal,1,0
AP-10915,99,31,3323.556,2,4,3,9,Loyal,2,0
AR-10345,112,5,1055.694,2,1,1,4,At Risk,1,2
AR-10405,126,7,2236.128,2,1,2,5,Potential,1,2
AR-10510,15,7,264.86400000000003,4,1,1,6,Potential,1,2
AR-10540,7,9,6608.448,4,2,4,10,Champions,2,0
AR-10570,535,2,88.15,1,1,1,3,At Risk,0,1
AR-10825,59,13,4523.336,3,3,4,10,Champions,1,0
AS-10045,89,10,3050.692,2,2,3,7,Loyal,1,2
AS-10090,29,25,3255.31,4,4,3,11,Champions,2,0
AS-10135,42,3,58.82,3,1,1,5,Potential,1,2
AS-10225,23,13,4260.784,4,3,4,11,Champions,1,0
AS-10240,193,13,584.6080000000001,1,3,1,5,Potential,1,2
AS-10285,20,8,3214.236,4,1,3,8,Loyal,1,2
AS-10630,93,12,833.398,2,2,1,5,Potential,1,2
AT-10435,22,9,1171.814,4,2,2,8,Loyal,1,2
AT-10735,14,16,3831.864,4,3,4,11,Champions,2,0
AW-10840,21,8,649.376,4,1,1,6,Potential,1,2
AW-10930,47,16,2852.968,3,3,3,9,Loyal,1,0
AY-10555,15,10,497.014,4,2,1,7,Loyal,1,2
AZ-10750,161,12,1622.0179999999998,2,2,2,6,Potential,1,2
BB-10990,106,8,744.3399999999999,2,1,1,4,At Risk,1,2
BB-11545,29,20,6765.728,4,4,4,12,Champions,2,0
BC-11125,203,18,2933.676,1,4,3,8,Loyal,2,0
BD-11320,34,19,5718.521,3,4,4,11,Champions,2,0
BD-11500,36,10,4411.2429999999995,3,2,4,9,Loyal,1,2
BD-11560,279,4,320.54,1,1,1,3,At Risk,1,2
BD-11605,98,20,3288.471,2,4,3,9,Loyal,2,0
BD-11620,70,8,1538.11,3,1,2,6,Potential,1,2
BD-11635,10,5,582.646,4,1,1,6,Potential,1,2
BD-11725,94,10,1526.5,2,2,2,6,Potential,1,2
BD-11770,328,10,658.466,1,2,1,4,At Risk,0,1
BE-11335,120,9,4204.676,2,2,4,8,Loyal,1,2
BE-11410,99,5,2261.438,2,1,3,6,Potential,1,2
BE-11455,255,13,1727.652,1,3,2,6,Potential,1,2
BF-10975,92,13,599.798,2,3,1,6,Potential,1,2
BF-11005,40,10,1333.88,3,2,2,7,Loyal,1,2
BF-11020,75,21,2888.506,3,4,3,10,Champions,2,0
BF-11080,26,6,272.95,4,1,1,6,Potential,1,2
BF-11170,17,27,5907.972,4,4,4,12,Champions,2,0
BF-11215,66,8,1585.162,3,1,2,6,Potential,1,2
BF-11275,58,4,791.9899999999999,3,1,1,5,Potential,1,2
BG-11035,29,12,2798.948,4,2,3,9,Loyal,1,2
BG-11695,37,8,1874.172,3,1,2,6,Potential,1,2
BG-11740,58,7,1006.356,3,1,1,5,Potential,1,2
BH-11710,24,24,6255.351,4,4,4,12,Champions,2,0
BK-11260,78,16,659.1379999999999,2,3,1,6,Potential,1,2
BM-11140,308,16,11789.63,1,3,4,8,Loyal,2,0
BM-11575,101,10,808.162,2,2,1,5,Potential,1,2
BM-11650,34,29,7294.185,3,4,4,11,Champions,2,0
BM-11785,219,14,1338.842,1,3,2,6,Potential,1,2
BN-11470,25,6,265.296,4,1,1,6,Potential,1,2
BN-11515,10,17,1459.344,4,4,2,10,Champions,1,0
BO-11350,138,12,2682.728,2,2,3,7,Loyal,1,2
BO-11425,76,2,130.83,3,1,1,5,Potential,1,2
BP-11050,84,7,983.42,2,1,1,4,At Risk,1,2
BP-11095,18,20,2442.044,4,4,3,11,Champions,2,0
BP-11155,90,11,1697.861,2,2,2,6,Potential,1,2
BP-11185,2,18,3675.861,4,4,3,11,Champions,2,0
BP-11230,40,6,1181.49,3,1,2,6,Potential,1,2
BP-11290,13,16,2475.157,4,3,3,10,Champions,1,0
BS-11365,559,9,10501.653,1,2,4,7,Loyal,0,0
BS-11380,29,13,3887.834,4,3,4,11,Champions,1,0
BS-11590,36,10,2454.928,3,2,3,8,Loyal,1,2
BS-11665,583,11,3288.1099999999997,1,2,3,6,Potential,0,1
BS-11755,2,14,2562.382,4,3,3,10,Champions,1,0
BS-11800,266,8,949.43,1,1,1,3,At Risk,1,2
BT-11305,337,9,2567.656,1,2,3,6,Potential,0,1
BT-11395,303,10,2186.6130000000003,1,2,2,5,Potential,1,1
BT-11440,561,7,603.876,1,1,1,3,At Risk,0,1
BT-11485,660,3,415.196,1,1,1,3,At Risk,0,1
BT-11530,92,10,2684.4919999999997,2,2,3,7,Loyal,1,2
BT-11680,21,20,3196.752,4,4,3,11,Champions,2,0
BV-11245,335,14,1523.273,1,3,2,6,Potential,1,1
BW-11065,213,3,385.516,1,1,1,3,At Risk,1,2
BW-11110,122,17,4750.358,2,4,4,10,Champions,2,0
BW-11200,204,10,1738.406,1,2,2,5,Potential,1,2
CA-11965,97,10,3789.7228,2,2,4,8,Loyal,1,2
CA-12055,402,10,1679.7240000000002,1,2,2,5,Potential,0,1
CA-12265,57,17,2648.2872,3,4,3,10,Champions,1,0
CA-12310,14,11,1421.954,4,2,2,8,Loyal,1,2
CA-12775,121,17,3041.566,2,4,3,9,Loyal,2,0
CB-12025,48,26,6076.139,3,4,4,11,Champions,2,0
CB-12415,27,12,1949.2,4,2,2,8,Loyal,1,2
CB-12535,198,19,4246.4555,1,4,4,9,Loyal,2,0
CC-12100,458,13,1770.945,1,3,2,6,Potential,0,1
CC-12145,107,11,2471.65,2,2,3,7,Loyal,1,2
CC-12220,21,22,3913.418,4,4,4,12,Champions,2,0
CC-12370,44,11,12129.072000000002,3,2,4,9,Loyal,2,0
CC-12430,1,19,2870.05,4,4,3,11,Champions,2,0
CC-12475,40,13,1659.438,3,3,2,8,Loyal,1,2
CC-12550,28,4,113.832,4,1,1,6,Potential,1,2
CC-12610,35,12,2540.631,3,2,3,8,Loyal,1,2
CC-12670,30,14,2269.7015,4,3,3,10,Champions,1,0
CC-12685,800,12,2854.115,1,3,3,7,Loyal,0,1
CD-11920,41,9,2033.968,3,2,2,7,Loyal,1,2
CD-11980,55,6,639.766,3,1,1,5,Potential,1,2
CD-12280,43,13,1205.584,3,3,2,8,Loyal,1,2
CD-12790,400,15,1860.732,1,3,2,6,Potential,0,1
CG-12040,50,9,904.468,3,2,1,6,Potential,1,2
CG-12520,339,5,1148.7800000000002,1,1,2,4,At Risk,0,1
CH-12070,692,4,1537.236,1,1,2,4,At Risk,0,1
CJ-11875,366,1,16.52,1,1,1,3,At Risk,0,2
CJ-12010,190,20,11164.974,1,4,4,9,Loyal,2,0
CK-12205,40,32,3154.855,3,4,3,10,Champions,2,0
CK-12325,121,12,2945.321,2,3,3,8,Loyal,1,2
CK-12595,44,25,2372.75,3,4,3,10,Champions,2,0
CK-12760,83,14,1582.109,2,3,2,7,Loyal,1,2
CL-11890,107,7,1262.014,2,1,2,5,Potential,1,2
CL-12565,285,28,10880.546,1,4,4,9,Loyal,2,0
CL-12700,106,8,2353.586,2,1,3,6,Potential,1,2
CM-11815,132,10,1673.888,2,2,2,6,Potential,1,2
CM-11935,709,4,565.392,1,1,1,3,At Risk,0,1
CM-12115,9,7,1661.61,4,1,2,7,Loyal,1,2
CM-12160,27,7,2533.314,4,1,3,8,Loyal,1,2
CM-12190,9,7,1475.144,4,1,2,7,Loyal,1,2
CM-12235,386,8,2305.712,1,1,3,5,Potential,0,1
CM-12385,38,10,8954.019999999999,3,2,4,9,Loyal,2,0
CM-12445,437,9,287.99,1,2,1,4,At Risk,0,1
CM-12655,28,10,6339.5576,4,2,4,10,Champions,2,0
CM-12715,1036,13,3984.4524,1,3,4,8,Loyal,0,1
CP-12085,83,14,5402.254,2,3,4,9,Loyal,2,0
CP-12340,161,15,5888.275,2,3,4,9,Loyal,2,0
CR-12580,58,6,2148.852,3,1,2,6,Potential,1,2
CR-12625,471,4,475.9,1,1,1,3,At Risk,0,1
CR-12730,79,6,1600.55,2,1,2,5,Potential,1,2
CR-12820,86,7,1397.8724,2,1,2,5,Potential,1,2
CS-11845,92,8,1278.954,2,1,2,5,Potential,1,2
CS-11860,163,7,537.632,2,1,1,4,At Risk,1,2
CS-11950,26,22,3036.547,4,4,3,11,Champions,2,0
CS-12130,490,7,884.64,1,1,1,3,At Risk,0,1
CS-12175,233,8,844.4580000000001,1,1,1,3,At Risk,1,2
CS-12250,27,28,2754.216,4,4,3,11,Champions,2,0
CS-12355,7,22,3202.1620000000003,4,4,3,11,Champions,2,0
CS-12400,3,14,3651.8585,4,3,3,10,Champions,1,0
CS-12460,28,6,550.644,4,1,1,6,Potential,1,2
CS-12490,425,9,1077.2285,1,2,1,4,At Risk,0,1
CS-12505,59,9,5690.054999999999,3,2,4,9,Loyal,1,0
CT-11995,97,18,3241.898,2,4,3,9,Loyal,2,0
CV-12295,255,13,2830.6279999999997,1,3,3,7,Loyal,1,2
CV-12805,6,19,2370.3136,4,4,3,11,Champions,2,0
CW-11905,23,11,1136.592,4,2,1,7,Loyal,1,2
CY-12745,61,11,2900.026,3,2,3,8,Loyal,1,2
Co-12640,550,8,1300.076,1,1,2,4,At Risk,0,1
DA-13450,353,8,156.76,1,1,1,3,At Risk,0,1
DB-12910,22,12,2171.599,4,3,2,9,Loyal,1,2
DB-12970,242,14,2839.2272,1,3,3,7,Loyal,1,2
DB-13060,17,13,4531.646,4,3,4,11,Champions,1,0
DB-13120,49,14,2973.094,3,3,3,9,Loyal,1,0
DB-13210,10,21,2332.577,4,4,3,11,Champions,2,0
DB-13270,54,13,4655.897,3,3,4,10,Champions,2,0
DB-13360,265,6,1081.466,1,1,1,3,At Risk,1,2
DB-13405,188,14,1711.692,1,3,2,6,Potential,1,2
DB-13555,108,14,3908.8028,2,3,4,9,Loyal,1,0
DB-13615,34,11,1989.05,3,2,2,7,Loyal,1,2
DB-13660,13,10,1155.202,4,2,2,8,Loyal,1,2
DC-12850,38,18,3336.168,3,4,3,10,Champions,2,0
DC-13285,24,7,1174.618,4,1,2,7,Loyal,1,2
DD-13570,42,9,269.542,3,2,1,6,Potential,1,2
DE-13255,720,9,2550.874,1,2,3,6,Potential,0,1
DF-13135,701,6,2390.534,1,1,3,5,Potential,0,1
DG-13300,33,8,3195.818,3,1,3,7,Loyal,1,2
DH-13075,278,23,4932.872,1,4,4,9,Loyal,2,0
DH-13675,777,11,1043.096,1,2,1,4,At Risk,0,1
DJ-13420,638,5,2012.52,1,1,2,4,At Risk,0,1
DJ-13510,49,13,2501.6879999999996,3,3,3,9,Loyal,1,2
DJ-13630,13,8,3356.398,4,1,3,8,Loyal,1,2
DK-12835,22,27,3256.48,4,4,3,11,Champions,2,0
DK-12895,46,15,4282.176,3,3,4,10,Champions,2,0
DK-12985,8,8,1687.04,4,1,2,7,Loyal,1,2
DK-13090,43,13,2650.557,3,3,3,9,Loyal,1,2
DK-13150,11,5,797.832,4,1,1,6,Potential,1,2
DK-13225,11,19,4802.394,4,4,4,12,Champions,2,0
DK-13375,20,23,3318.486,4,4,3,11,Champions,2,0
DL-12865,101,14,1503.112,2,3,2,7,Loyal,1,2
DL-12925,58,14,3272.2,3,3,3,9,Loyal,1,2
DL-13315,23,17,1458.258,4,4,2,10,Champions,1,0
DL-13330,58,8,585.02,3,1,1,5,Potential,1,2
DL-13495,77,12,3539.322,2,3,3,8,Loyal,1,2
DM-12955,115,9,1322.034,2,2,2,6,Potential,1,2
DM-13015,58,20,6345.103,3,4,4,11,Champions,2,0
DM-13345,23,13,4074.472,4,3,4,11,Champions,1,0
DM-13525,482,10,1376.792,1,2,2,5,Potential,0,1
DN-13690,218,11,2139.79,1,2,2,5,Potential,1,2
DO-13435,134,13,1300.0315,2,3,2,7,Loyal,1,2
DO-13645,27,11,1267.316,4,2,2,8,Loyal,1,2
DP-13000,127,17,1050.636,2,4,1,7,Loyal,1,0
DP-13105,7,14,2215.002,4,3,2,9,Loyal,1,0
DP-13165,813,4,1058.616,1,1,1,3,At Risk,0,1
DP-13390,359,14,5480.723999999999,1,3,4,8,Loyal,2,1
DR-12880,4,24,6528.034000000001,4,4,4,12,Champions,2,0
DR-12940,51,13,8350.868,3,3,4,10,Champions,2,0
DS-13030,94,19,1762.213,2,4,2,8,Loyal,1,0
DS-13180,24,20,2881.8128,4,4,3,11,Champions,2,0
DV-13045,20,9,1119.483,4,2,1,7,Loyal,1,2
DV-13465,30,15,3341.587,4,3,3,10,Champions,1,0
DW-13195,70,9,1080.751,3,2,1,6,Potential,1,2
DW-13480,218,11,5271.628,1,2,4,7,Loyal,1,0
DW-13540,99,9,344.08,2,2,1,5,Potential,1,2
DW-13585,243,10,1204.854,1,2,2,5,Potential,1,2
Dl-13600,120,6,755.602,2,1,1,4,At Risk,1,2
Dp-13240,85,29,7198.7609999999995,2,4,4,10,Champions,2,0
EA-14035,153,25,2846.705,2,4,3,9,Loyal,2,0
EB-13705,49,12,3644.978,3,3,3,9,Loyal,1,2
EB-13750,36,20,3236.314,3,4,3,10,Champions,2,0
EB-13840,91,8,4358.128,2,1,4,7,Loyal,1,2
EB-13870,101,11,2767.219,2,2,3,7,Loyal,1,2
EB-13930,162,7,944.6,2,1,1,4,At Risk,1,2
EB-13975,1,6,1643.255,4,1,2,7,Loyal,1,2
EB-14110,114,11,3071.126,2,2,3,7,Loyal,1,2
EB-14170,83,7,1186.326,2,1,2,5,Potential,1,2
EC-14050,54,7,461.914,3,1,1,5,Potential,1,2
ED-13885,136,14,3484.92,2,3,3,8,Loyal,1,0
EG-13900,23,9,1832.02,4,2,2,8,Loyal,1,2
EH-13765,136,32,10310.88,2,4,4,10,Champions,2,0
EH-13945,218,17,684.1709999999999,1,4,1,6,Potential,1,2
EH-13990,406,8,825.9499999999999,1,1,1,3,At Risk,0,1
EH-14005,3,11,1219.53,4,2,2,8,Loyal,1,2
EH-14125,153,18,3082.653,2,4,3,9,Loyal,2,0
EH-14185,106,8,923.884,2,1,1,4,At Risk,1,2
EJ-13720,303,8,2162.174,1,1,2,4,At Risk,1,1
EJ-14155,58,8,2656.691,3,1,3,7,Loyal,1,2
EK-13795,45,4,1303.478,3,1,2,6,Potential,1,2
EL-13735,78,2,124.28,2,1,1,4,At Risk,1,2
EM-13810,133,7,2567.01,2,1,3,6,Potential,1,2
EM-13825,56,16,2339.598,3,3,3,9,Loyal,1,0
EM-13960,152,6,933.704,2,1,1,4,At Risk,1,2
EM-14065,48,6,228.99,3,1,1,5,Potential,1,2
EM-14095,114,10,1041.042,2,2,1,5,Potential,1,2
EM-14140,49,21,4588.436000000001,3,4,4,11,Champions,2,0
EM-14200,159,4,366.822,2,1,1,4,At Risk,1,2
EN-13780,288,9,2199.366,1,2,2,5,Potential,1,1
EP-13915,13,31,5478.0608,4,4,4,12,Champions,2,0
ER-13855,422,5,1245.788,1,1,2,4,At Risk,0,1
ES-14020,41,8,3510.4579999999996,3,1,3,7,Loyal,1,2
ES-14080,29,20,4657.924,4,4,4,12,Champions,2,0
FA-14230,98,17,2984.054,2,4,3,9,Loyal,2,0
FC-14245,71,14,3418.742,3,3,3,9,Loyal,1,2
FC-14335,185,10,3889.366,1,2,4,7,Loyal,1,0
FG-14260,35,11,1383.144,3,2,2,7,Loyal,1,2
FH-14275,38,21,4256.272,3,4,4,11,Champions,2,0
FH-14350,213,14,2271.284,1,3,3,7,Loyal,1,2
FH-14365,6,13,6987.196,4,3,4,11,Champions,2,0
FM-14215,8,15,2456.638,4,3,3,10,Champions,1,0
FM-14290,37,20,3736.198,3,4,3,10,Champions,2,0
FM-14380,146,14,2523.266,2,3,3,8,Loyal,1,0
FO-14305,39,15,2678.438,3,3,3,9,Loyal,1,0
FP-14320,24,14,4046.746,4,3,4,11,Champions,1,0
FW-14395,363,3,79.75,1,1,1,3,At Risk,0,2
GA-14515,150,14,3919.776,2,3,4,9,Loyal,1,0
GA-14725,6,22,1398.382,4,4,2,10,Champions,2,0
GB-14530,63,20,1568.44,3,4,2,9,Loyal,2,0
GB-14575,14,16,4716.288,4,3,4,11,Champions,2,0
GD-14590,6,6,1888.07,4,1,2,7,Loyal,1,2
GG-14650,44,24,2224.0,3,4,2,9,Loyal,2,0
GH-14410,76,17,2819.4669999999996,3,4,3,10,Champions,2,0
GH-14425,51,10,4172.8460000000005,3,2,4,9,Loyal,1,2
GH-14485,388,3,1361.244,1,1,2,4,At Risk,0,1
GH-14665,3,3,146.94080000000002,4,1,1,6,Potential,1,2
GK-14620,113,14,6497.27,2,3,4,9,Loyal,2,0
GM-14440,84,11,3582.8199999999997,2,2,3,7,Loyal,1,2
GM-14455,17,12,3078.624,4,3,3,10,Champions,1,2
GM-14500,107,13,1255.682,2,3,2,7,Loyal,1,2
GM-14680,153,11,3163.628,2,2,3,7,Loyal,1,2
GM-14695,118,11,6049.966,2,2,4,8,Loyal,2,0
GP-14740,766,5,236.53,1,1,1,3,At Risk,0,1
GR-14560,1136,5,1284.38,1,1,2,4,At Risk,0,1
GT-14635,57,6,9351.212,3,1,4,8,Loyal,2,0
GT-14710,37,29,11820.12,3,4,4,11,Champions,2,0
GT-14755,35,7,226.436,3,1,1,5,Potential,1,2
GW-14605,29,9,2189.019,4,2,2,8,Loyal,1,2
GZ-14470,8,14,4355.150000000001,4,3,4,11,Champions,2,0
GZ-14545,158,5,2454.6220000000003,2,1,3,6,Potential,1,2
HA-14905,70,10,2163.3,3,2,2,7,Loyal,1,2
HA-14920,21,18,2584.158,4,4,3,11,Champions,2,0
HD-14785,770,7,251.36,1,1,1,3,At Risk,0,1
HE-14800,13,11,883.5319999999999,4,2,1,7,Loyal,1,2
HF-14995,22,19,2533.164,4,4,3,11,Champions,2,0
HG-14845,55,10,785.628,3,2,1,6,Potential,1,2
HG-14965,24,17,3247.642,4,4,3,11,Champions,2,0
HG-15025,7,11,3690.284,4,2,3,9,Loyal,1,2
HH-15010,73,6,218.668,3,1,1,5,Potential,1,2
HJ-14875,127,6,358.1,2,1,1,4,At Risk,1,2
HK-14890,152,15,4877.784,2,3,4,9,Loyal,2,0
HL-15040,44,11,12873.298,3,2,4,9,Loyal,2,0
HM-14860,3,20,8236.7648,4,4,4,12,Champions,2,0
HM-14980,248,7,736.276,1,1,1,3,At Risk,1,2
HP-14815,31,10,1990.314,4,2,2,8,Loyal,1,2
HR-14770,14,13,1299.288,4,3,2,9,Loyal,1,2
HR-14830,160,14,5248.787,2,3,4,9,Loyal,2,0
HW-14935,118,20,9300.254,2,4,4,10,Champions,2,0
HZ-14950,36,6,886.52,3,1,1,5,Potential,1,2
IG-15085,72,7,744.574,3,1,1,5,Potential,1,2
IL-15100,143,14,5040.736,2,3,4,9,Loyal,2,0
IM-15055,410,4,2872.63,1,1,3,5,Potential,0,1
IM-15070,391,21,4930.474,1,4,4,9,Loyal,2,0
JA-15970,93,24,6491.026,2,4,4,10,Champions,2,0
JB-15400,8,16,1791.605,4,3,2,9,Loyal,1,0
JB-15925,738,8,900.552,1,1,1,3,At Risk,0,1
JB-16000,44,7,644.1188,3,1,1,5,Potential,1,2
JB-16045,8,9,2518.115,4,2,3,9,Loyal,1,2
JC-15340,115,4,71.263,2,1,1,4,At Risk,1,2
JC-15385,176,4,1058.108,2,1,1,4,At Risk,1,2
JC-15775,159,16,2772.055,2,3,3,8,Loyal,1,0
JC-16105,58,9,858.576,3,2,1,6,Potential,1,2
JD-15790,118,7,2152.352,2,1,2,5,Potential,1,2
JD-15895,395,32,7610.864,1,4,4,9,Loyal,2,0
JD-16015,113,11,385.43,2,2,1,5,Potential,1,2
JD-16060,301,6,695.442,1,1,1,3,At Risk,0,2
JD-16150,42,17,8828.0305,3,4,4,11,Champions,2,0
JE-15475,194,13,1388.682,1,3,2,6,Potential,1,2
JE-15610,49,20,7754.976,3,4,4,11,Champions,2,0
JE-15715,47,22,8697.842999999999,3,4,4,11,Champions,2,0
JE-15745,52,23,6760.8150000000005,3,4,4,11,Champions,2,0
JE-16165,21,7,2697.248,4,1,3,8,Loyal,1,2
JF-15190,66,19,2279.586,3,4,3,10,Champions,2,0
JF-15295,226,14,955.124,1,3,1,5,Potential,1,2
JF-15355,106,16,1911.844,2,3,2,7,Loyal,1,0
JF-15415,3,14,2371.448,4,3,3,10,Champions,1,0
JF-15490,122,15,1082.918,2,3,1,6,Potential,1,2
JF-15565,55,16,4198.332,3,3,4,10,Champions,2,0
JG-15115,759,7,2358.676,1,1,3,5,Potential,0,1
JG-15160,2,18,6366.392,4,4,4,12,Champions,2,0
JG-15310,3,11,2240.58,4,2,2,8,Loyal,1,2
JG-15805,224,9,1507.018,1,2,2,5,Potential,1,2
JH-15430,6,7,309.281,4,1,1,6,Potential,1,2
JH-15820,175,8,528.91,2,2,1,5,Potential,1,2
JH-15910,42,9,959.477,3,2,1,6,Potential,1,2
JH-15985,30,14,7954.998,4,3,4,11,Champions,2,0
JH-16180,405,5,2256.394,1,1,2,4,At Risk,0,1
JJ-15445,484,6,709.178,1,1,1,3,At Risk,0,1
JJ-15760,754,3,195.0,1,1,1,3,At Risk,0,1
JK-15205,62,13,4427.142,3,3,4,10,Champions,1,0
JK-15325,288,4,383.812,1,1,1,3,At Risk,0,2
JK-15370,45,17,2709.632,3,4,3,10,Champions,1,0
JK-15625,62,12,3760.028,3,3,3,9,Loyal,1,2
JK-15640,181,12,4760.434,2,3,4,9,Loyal,1,0
JK-15730,85,20,4867.2,2,4,4,10,Champions,2,0
JK-16090,29,9,3747.668,4,2,3,9,Loyal,1,2
JK-16120,118,17,2932.484,2,4,3,9,Loyal,2,0
JL-15130,9,12,1214.956,4,3,2,9,Loyal,1,2
JL-15175,7,7,1571.523,4,1,2,7,Loyal,1,2
JL-15235,120,10,2203.7,2,2,2,6,Potential,1,2
JL-15505,50,17,3173.874,3,4,3,10,Champions,2,0
JL-15835,22,34,9799.923,4,4,4,12,Champions,2,0
JL-15850,615,11,2725.256,1,2,3,6,Potential,0,1
JM-15250,38,19,3159.1220000000003,3,4,3,10,Champions,2,0
JM-15265,38,13,1804.146,3,3,2,8,Loyal,1,2
JM-15535,103,10,1733.443,2,2,2,6,Potential,1,2
JM-15580,1,7,303.948,4,1,1,6,Potential,1,2
JM-15655,9,12,864.947,4,3,1,8,Loyal,1,2
JM-15865,110,13,7625.076000000001,2,3,4,9,Loyal,2,0
JM-16195,58,19,2833.9260000000004,3,4,3,10,Champions,2,0
JO-15145,58,13,3254.949,3,3,3,9,Loyal,1,2
JO-15280,93,11,1934.272,2,2,2,6,Potential,1,2
JO-15550,216,11,1090.838,1,2,1,4,At Risk,1,2
JP-15460,38,15,1669.135,3,3,2,8,Loyal,1,0
JP-15520,9,16,3635.594,4,3,3,10,Champions,2,0
JP-16135,103,13,1707.71,2,3,2,7,Loyal,1,2
JR-15670,594,3,1156.658,1,1,2,4,At Risk,0,1
JR-15700,69,1,863.88,3,1,1,5,Potential,1,2
JR-16210,34,10,2201.686,3,2,2,7,Loyal,1,2
JS-15595,120,8,1417.654,2,2,2,6,Potential,1,2
JS-15685,43,11,1131.064,3,2,1,6,Potential,1,2
JS-15880,535,9,3868.02,1,2,4,7,Loyal,0,1
JS-15940,464,8,469.169,1,2,1,4,At Risk,0,1
JS-16030,29,18,2516.494,4,4,3,11,Champions,2,0
JW-15220,43,14,7721.714,3,3,4,10,Champions,2,0
JW-15955,6,11,1244.086,4,2,2,8,Loyal,1,2
JW-16075,462,7,1428.731,1,1,2,4,At Risk,0,1
KA-16525,37,11,1519.506,3,2,2,7,Loyal,1,2
KB-16240,5,10,3152.615,4,2,3,9,Loyal,1,2
KB-16315,297,22,1569.464,1,4,2,7,Loyal,2,0
KB-16405,118,9,908.821,2,2,1,5,Potential,1,2
KB-16585,231,23,2744.742,1,4,3,8,Loyal,2,0
KB-16600,2,9,983.922,4,2,1,7,Loyal,1,2
KC-16255,408,10,2120.954,1,2,2,5,Potential,0,1
KC-16540,98,5,3908.262,2,1,4,7,Loyal,1,2
KC-16675,58,7,1146.05,3,1,1,5,Potential,1,2
KD-16270,485,16,8282.358,1,3,4,8,Loyal,2,0
KD-16345,42,10,1888.964,3,2,2,7,Loyal,1,2
KD-16495,113,28,8181.256,2,4,4,10,Champions,2,0
KD-16615,290,13,2243.51,1,3,2,6,Potential,1,2
KE-16420,27,15,1686.7312,4,3,2,9,Loyal,1,0
KF-16285,98,18,10604.266,2,4,4,10,Champions,2,0
KH-16330,41,18,3312.864,3,4,3,10,Champions,2,0
KH-16360,2,14,3100.612,4,3,3,10,Champions,1,0
KH-16510,23,23,5952.859,4,4,4,12,Champions,2,0
KH-16630,59,17,3918.966,3,4,4,11,Champions,2,0
KH-16690,3,15,5990.799,4,3,4,11,Champions,2,0
KL-16555,17,22,5016.488,4,4,4,12,Champions,2,0
KL-16645,48,29,14175.229,3,4,4,11,Champions,2,0
KM-16225,15,19,2260.958,4,4,3,11,Champions,2,0
KM-16375,57,20,5620.186,3,4,4,11,Champions,2,0
KM-16660,16,9,453.538,4,2,1,7,Loyal,1,2
KM-16720,29,28,4909.472,4,4,4,12,Champions,2,0
KN-16390,20,17,2617.272,4,4,3,11,Champions,1,0
KN-16450,53,8,2171.962,3,2,2,7,Loyal,1,2
KN-16705,99,15,2280.58,2,3,3,8,Loyal,1,0
KS-16300,296,4,88.472,1,1,1,3,At Risk,0,2
KT-16465,392,14,3057.1,1,3,3,7,Loyal,0,1
KT-16480,101,13,4642.088400000001,2,3,4,9,Loyal,2,0
KW-16435,97,10,4416.5199999999995,2,2,4,8,Loyal,1,2
KW-16570,772,5,449.096,1,1,1,3,At Risk,0,1
LA-16780,155,26,8673.222,2,4,4,10,Champions,2,0
LB-16735,49,3,50.188,3,1,1,5,Potential,1,2
LB-16795,153,24,4985.676,2,4,4,10,Champions,2,0
LC-16870,28,30,2580.7039999999997,4,4,3,11,Champions,2,0
LC-16885,17,23,7663.126,4,4,4,12,Champions,2,0
LC-16930,42,14,4492.946,3,3,4,10,Champions,2,0
LC-16960,437,7,3246.626,1,1,3,5,Potential,0,1
LC-17050,55,9,2095.064,3,2,2,7,Loyal,1,2
LC-17140,14,19,2633.582,4,4,3,11,Champions,2,0
LD-16855,553,1,5.304,1,1,1,3,At Risk,0,1
LD-17005,415,7,1961.934,1,1,2,4,At Risk,0,1
LE-16810,22,9,1469.45,4,2,2,8,Loyal,1,2
LF-17185,23,16,3930.509,4,3,4,11,Champions,2,0
LH-16750,152,3,287.426,2,1,1,4,At Risk,1,2
LH-16900,22,15,2295.332,4,3,3,10,Champions,1,0
LH-17020,240,6,318.239,1,1,1,3,At Risk,1,2
LH-17155,386,19,1739.689,1,4,2,7,Loyal,0,1
LL-16840,250,12,2741.2039999999997,1,3,3,7,Loyal,1,2
LM-17065,392,7,1346.774,1,1,2,4,At Risk,0,1
LO-17170,3,9,644.35,4,2,1,7,Loyal,1,2
LP-17080,41,9,756.606,3,2,1,6,Potential,1,2
LP-17095,10,15,3653.399,4,3,3,10,Champions,1,0
LR-16915,27,16,5142.892,4,3,4,11,Champions,2,0
LR-17035,133,12,1879.306,2,3,2,7,Loyal,1,2
LS-16945,179,14,2845.27,2,3,3,8,Loyal,1,0
LS-16975,21,22,2988.674,4,4,3,11,Champions,2,0
LS-17200,97,14,1010.256,2,3,1,6,Potential,1,2
LS-17230,778,6,368.88000000000005,1,1,1,3,At Risk,0,1
LS-17245,35,12,1008.136,3,3,1,7,Loyal,1,2
LT-16765,27,3,329.876,4,1,1,6,Potential,1,2
LT-17110,35,14,2936.252,3,3,3,9,Loyal,1,0
LW-16825,89,15,2238.061,2,3,2,7,Loyal,1,0
LW-16990,34,11,3230.308,3,2,3,8,Loyal,1,2
LW-17125,206,5,1259.04,1,1,2,4,At Risk,1,2
LW-17215,22,15,5420.514,4,3,4,11,Champions,2,0
MA-17560,65,34,4299.161,3,4,4,11,Champions,2,0
MA-17995,187,12,2453.284,1,3,3,7,Loyal,1,2
MB-17305,49,19,1548.702,3,4,2,9,Loyal,1,0
MB-18085,45,10,1428.231,3,2,2,7,Loyal,1,2
MC-17275,77,13,2725.982,2,3,3,8,Loyal,1,2
MC-17425,400,10,4432.138,1,2,4,7,Loyal,0,1
MC-17575,28,11,1303.893,4,2,2,8,Loyal,1,2
MC-17590,52,17,2426.067,3,4,3,10,Champions,1,0
MC-17605,113,18,2258.192,2,4,3,9,Loyal,1,0
MC-17635,190,8,795.154,1,2,1,4,At Risk,1,2
MC-17845,2,14,3805.714,4,3,4,11,Champions,1,0
MC-18100,42,19,2218.98,3,4,2,9,Loyal,2,0
MC-18130,370,11,1581.9979999999998,1,2,2,5,Potential,0,1
MD-17350,118,17,3766.382,2,4,3,9,Loyal,2,0
MD-17860,37,8,1204.91,3,2,2,7,Loyal,1,2
ME-17320,43,22,10663.728,3,4,4,11,Champions,2,0
ME-17725,29,13,1908.4532,4,3,2,9,Loyal,1,2
ME-18010,93,6,1256.944,2,1,2,5,Potential,1,2
MF-17665,422,8,937.039,1,2,1,4,At Risk,0,1
MF-18250,8,12,1758.3,4,3,2,9,Loyal,1,2
MG-17650,30,14,3785.276,4,3,3,10,Champions,1,0
MG-17680,93,10,2350.188,2,2,3,7,Loyal,1,2
MG-17695,556,7,1342.282,1,1,2,4,At Risk,0,1
MG-17875,117,7,1242.833,2,1,2,5,Potential,1,2
MG-17890,100,13,776.384,2,3,1,6,Potential,1,2
MG-18145,85,8,3061.543,2,2,3,7,Loyal,1,2
MG-18205,265,2,16.739,1,1,1,3,At Risk,1,2
MH-17290,120,13,2394.025,2,3,3,8,Loyal,1,2
MH-17440,377,9,400.016,1,2,1,4,At Risk,0,1
MH-17455,86,11,2456.182,2,2,3,7,Loyal,1,2
MH-17620,156,6,1252.8,2,1,2,5,Potential,1,2
MH-17785,99,11,2203.778,2,2,2,6,Potential,1,2
MH-18025,50,10,2984.948,3,2,3,8,Loyal,1,2
MH-18115,6,22,5503.093,4,4,4,12,Champions,2,0
MJ-17740,23,15,6320.746,4,3,4,11,Champions,2,0
MK-17905,29,17,2302.368,4,4,3,11,Champions,1,0
MK-18160,241,11,1031.602,1,2,1,4,At Risk,1,2
ML-17395,70,20,2722.843,3,4,3,10,Champions,2,0
ML-17410,55,15,2921.5,3,3,3,9,Loyal,1,0
ML-17755,30,13,2071.914,4,3,2,9,Loyal,1,2
ML-18040,80,4,742.082,2,1,1,4,At Risk,1,2
ML-18265,101,3,162.232,2,1,1,4,At Risk,1,2
MM-17260,169,6,1314.023,2,1,2,5,Potential,1,2
MM-17920,8,16,3794.08,4,4,4,12,Champions,2,0
MM-18055,62,19,2749.881,3,4,3,10,Champions,2,0
MM-18280,86,12,775.414,2,3,1,6,Potential,1,2
MN-17935,35,10,2477.946,3,2,3,8,Loyal,1,2
MO-17500,73,5,922.487,3,1,1,5,Potential,1,2
MO-17800,105,11,1687.0269999999998,2,2,2,6,Potential,1,2
MO-17950,181,4,154.288,2,1,1,4,At Risk,1,2
MP-17470,720,14,3206.132,1,3,3,7,Loyal,0,1
MP-17965,73,20,3983.642,3,4,4,11,Champions,2,0
MP-18175,17,19,5087.92,4,4,4,12,Champions,2,0
MR-17545,126,6,639.178,2,1,1,4,At Risk,1,2
MS-17365,274,24,7443.69,1,4,4,9,Loyal,2,0
MS-17530,435,7,475.6559999999999,1,1,1,3,At Risk,0,1
MS-17710,414,15,1613.402,1,3,2,6,Potential,0,1
MS-17770,122,19,3144.678,2,4,3,9,Loyal,2,0
MS-17830,453,5,370.348,1,1,1,3,At Risk,0,1
MS-17980,27,11,855.116,4,2,1,7,Loyal,1,2
MT-17815,50,10,2890.139,3,2,3,8,Loyal,1,2
MT-18070,204,11,1319.4498,1,2,2,5,Potential,1,2
MV-17485,28,15,1560.05,4,3,2,9,Loyal,1,0
MV-18190,20,11,1734.574,4,2,2,8,Loyal,1,2
MW-18220,18,14,5341.900000000001,4,3,4,11,Champions,2,0
MW-18235,45,3,5253.876,3,1,4,8,Loyal,1,2
MY-17380,30,13,2254.285,4,3,2,9,Loyal,1,2
MY-18295,72,21,4152.696,3,4,4,11,Champions,2,0
MZ-17335,31,6,593.606,4,1,1,6,Potential,1,2
MZ-17515,283,10,2564.906,1,2,3,6,Potential,1,1
NB-18580,1166,2,273.87199999999996,1,1,1,3,At Risk,0,1
NB-18655,20,17,1972.599,4,4,2,10,Champions,1,0
NC-18340,225,17,2461.404,1,4,3,8,Loyal,1,0
NC-18415,42,14,2218.99,3,3,2,8,Loyal,1,0
NC-18535,7,15,8241.739,4,3,4,11,Champions,2,0
NC-18625,205,9,1821.742,1,2,2,5,Potential,1,2
ND-18370,28,18,4326.139,4,4,4,12,Champions,2,0
ND-18460,184,8,2893.455,2,2,3,7,Loyal,1,2
NF-18385,80,14,8322.826,2,3,4,9,Loyal,2,0
NF-18475,526,4,377.162,1,1,1,3,At Risk,0,1
NF-18595,115,12,2031.472,2,3,2,7,Loyal,1,2
NG-18355,49,16,1869.58,3,4,2,9,Loyal,1,0
NG-18430,49,9,1395.938,3,2,2,7,Loyal,1,2
NH-18610,190,11,2673.29,1,2,3,6,Potential,1,2
NK-18490,71,11,572.048,3,2,1,6,Potential,1,2
NL-18310,59,10,1418.09,3,2,2,7,Loyal,1,2
NM-18445,161,14,6459.344,2,3,4,9,Loyal,2,0
NM-18520,245,15,2161.979,1,3,2,6,Potential,1,2
NP-18325,26,21,5529.62,4,4,4,12,Champions,2,0
NP-18670,59,10,3908.402,3,2,4,9,Loyal,1,2
NP-18685,407,7,1228.698,1,1,2,4,At Risk,0,1
NP-18700,139,13,7903.1825,2,3,4,9,Loyal,2,0
NR-18550,211,13,2367.277,1,3,3,7,Loyal,1,2
NS-18505,7,15,2575.863,4,3,3,10,Champions,1,0
NS-18640,175,26,2964.823,2,4,3,9,Loyal,2,0
NW-18400,173,22,7234.014,2,4,4,10,Champions,2,0
NZ-18565,86,20,2488.31,2,4,3,9,Loyal,2,0
ON-18715,411,15,1567.52,1,3,2,6,Potential,0,1
OT-18730,66,10,3818.624,3,2,4,9,Loyal,1,2
PA-19060,104,7,729.408,2,1,1,4,At Risk,1,2
PB-18805,26,10,740.356,4,2,1,7,Loyal,1,2
PB-19105,58,5,688.324,3,1,1,5,Potential,1,2
PB-19150,98,11,1456.95,2,2,2,6,Potential,1,2
PB-19210,689,2,132.738,1,1,1,3,At Risk,0,1
PC-18745,3,5,1832.064,4,1,2,7,Loyal,1,2
PC-19000,883,3,1061.488,1,1,1,3,At Risk,0,1
PF-19120,836,19,9062.864,1,4,4,9,Loyal,0,0
PF-19165,197,10,2770.0,1,2,3,6,Potential,1,2
PF-19225,115,10,2206.1279999999997,2,2,2,6,Potential,1,2
PG-18820,37,26,3086.907,3,4,3,10,Champions,2,0
PG-18895,58,17,1987.164,3,4,2,9,Loyal,1,0
PH-18790,71,2,729.648,3,1,1,5,Potential,1,2
PJ-18835,40,13,1220.09,3,3,2,8,Loyal,1,2
PJ-19015,135,10,1824.234,2,2,2,6,Potential,1,2
PK-18910,484,3,1441.152,1,1,2,4,At Risk,0,1
PK-19075,10,25,8646.934,4,4,4,12,Champions,2,0
PL-18925,16,8,239.481,4,2,1,7,Loyal,1,2
PM-18940,387,4,1405.402,1,1,2,4,At Risk,0,1
PM-19135,52,7,4115.662,3,1,4,8,Loyal,1,2
PN-18775,31,13,1467.152,4,3,2,9,Loyal,1,2
PO-18850,5,22,7473.8282,4,4,4,12,Champions,2,0
PO-18865,1,13,2493.214,4,3,3,10,Champions,1,0
PO-19180,161,18,4893.043,2,4,4,10,Champions,2,0
PO-19195,87,10,1056.858,2,2,1,5,Potential,1,2
PP-18955,98,34,7252.608,2,4,4,10,Champions,2,0
PR-18880,37,12,1840.178,3,3,2,8,Loyal,1,2
PS-18760,108,21,2181.479,2,4,2,8,Loyal,2,0
PS-18970,70,13,1278.639,3,3,2,8,Loyal,1,2
PS-19045,237,13,6843.634,1,3,4,8,Loyal,2,0
PT-19090,72,7,160.572,3,1,1,5,Potential,1,2
PV-18985,90,13,2876.046,2,3,3,8,Loyal,1,2
PW-19030,47,13,3454.916,3,3,3,9,Loyal,1,2
PW-19240,465,12,3922.415,1,3,4,8,Loyal,0,1
QJ-19255,26,13,6108.338,4,3,4,11,Champions,2,0
RA-19285,6,17,2617.906,4,4,3,11,Champions,1,0
RA-19885,44,15,3832.314,3,3,4,10,Champions,2,0
RA-19915,13,22,4793.543,4,4,4,12,Champions,2,0
RA-19945,62,9,1686.9225,3,2,2,7,Loyal,1,2
RB-19330,69,6,1008.196,3,1,1,5,Potential,1,2
RB-19360,97,18,15117.339,2,4,4,10,Champions,2,0
RB-19435,20,16,2663.086,4,4,3,11,Champions,1,0
RB-19465,10,23,4715.466,4,4,4,12,Champions,2,0
RB-19570,26,9,528.546,4,2,1,7,Loyal,1,2
RB-19645,649,7,221.084,1,1,1,3,At Risk,0,1
RB-19705,55,7,2067.45,3,1,2,6,Potential,1,2
RB-19795,33,18,5633.316000000001,3,4,4,11,Champions,2,0
RC-19825,370,10,966.409,1,2,1,4,At Risk,0,1
RC-19960,111,11,885.752,2,2,1,5,Potential,1,2
RD-19480,73,15,4272.93,3,3,4,10,Champions,2,0
RD-19585,181,19,2912.894,2,4,3,9,Loyal,2,0
RD-19660,115,5,2786.632,2,1,3,6,Potential,1,2
RD-19720,22,20,1419.737,4,4,2,10,Champions,2,0
RD-19810,15,16,1137.616,4,4,1,9,Loyal,1,0
RD-19900,115,21,3133.924,2,4,3,9,Loyal,2,0
RD-19930,43,10,970.942,3,2,1,6,Potential,1,2
RE-19405,1098,1,48.36,1,1,1,3,At Risk,0,1
RE-19450,303,9,876.696,1,2,1,4,At Risk,1,1
RF-19345,391,16,3309.15,1,4,3,8,Loyal,0,1
RF-19735,90,14,2341.2960000000003,2,3,3,8,Loyal,1,0
RF-19840,7,11,945.222,4,2,1,7,Loyal,1,2
RH-19495,33,8,3621.376,3,2,3,8,Loyal,1,2
RH-19510,468,12,6979.18,1,3,4,8,Loyal,0,0
RH-19555,520,3,740.382,1,1,1,3,At Risk,0,1
RH-19600,535,11,2085.74,1,2,2,5,Potential,0,1
RK-19300,120,8,1460.192,2,2,2,6,Potential,1,2
RL-19615,122,24,6234.91,2,4,4,10,Champions,2,0
RM-19375,346,9,1453.474,1,2,2,5,Potential,0,1
RM-19675,7,11,5979.0960000000005,4,2,4,10,Champions,2,0
RM-19750,300,2,98.35,1,1,1,3,At Risk,0,2
RO-19780,36,12,3815.478,3,3,4,10,Champions,1,0
RP-19270,497,12,954.6452,1,3,1,5,Potential,0,1
RP-19390,34,25,5153.084,3,4,4,11,Champions,2,0
RP-19855,29,15,2170.716,4,3,2,9,Loyal,1,0
RR-19315,20,4,615.932,4,1,1,6,Potential,1,2
RR-19525,171,10,3302.2619999999997,2,2,3,7,Loyal,1,2
RS-19420,77,9,3221.29,2,2,3,7,Loyal,1,2
RS-19765,37,14,4159.7699999999995,3,3,4,10,Champions,2,0
RS-19870,20,3,22.328,4,1,1,6,Potential,1,2
RW-19540,121,23,7397.401,2,4,4,10,Champions,2,0
RW-19630,90,16,3279.746,2,4,3,9,Loyal,2,0
RW-19690,80,15,3495.646,2,3,3,8,Loyal,1,0
SA-20830,64,21,4767.3415,3,4,4,11,Champions,2,0
SB-20170,202,7,1348.02,1,1,2,4,At Risk,1,2
SB-20185,189,12,6410.996,1,3,4,8,Loyal,2,0
SB-20290,48,17,8057.891,3,4,4,11,Champions,2,0
SC-20020,782,17,3362.9636,1,4,3,8,Loyal,0,1
SC-20050,41,15,4624.572,3,3,4,10,Champions,2,0
SC-20095,350,22,14142.334,1,4,4,9,Loyal,2,0
SC-20230,150,11,4371.9580000000005,2,2,4,8,Loyal,1,0
SC-20260,188,18,3729.793,1,4,3,8,Loyal,2,0
SC-20305,30,12,3979.065,4,3,4,11,Champions,1,0
SC-20380,31,20,5992.536,4,4,4,12,Champions,2,0
SC-20440,37,10,1874.998,3,2,2,7,Loyal,1,2
SC-20575,93,7,902.728,2,1,1,4,At Risk,1,2
SC-20680,127,8,1254.64,2,2,2,6,Potential,1,2
SC-20695,90,14,2576.408,2,3,3,8,Loyal,1,0
SC-20725,188,26,5226.21,1,4,4,9,Loyal,2,0
SC-20770,42,21,4492.657,3,4,4,11,Champions,2,0
SC-20800,31,5,279.25600000000003,4,1,1,6,Potential,1,2
SC-20845,132,4,280.632,2,1,1,4,At Risk,1,2
SD-20485,201,21,6121.114,1,4,4,9,Loyal,2,0
SE-20110,10,19,12209.438000000002,4,4,4,12,Champions,2,0
SF-20065,60,9,763.5459999999999,3,2,1,6,Potential,1,2
SF-20200,60,15,3422.7859999999996,3,3,3,9,Loyal,1,0
SF-20965,49,17,3336.535,3,4,3,10,Champions,2,0
SG-20080,9,11,3406.5809999999997,4,2,3,9,Loyal,1,2
SG-20470,184,14,1884.798,2,3,2,7,Loyal,1,2
SG-20605,109,13,3124.832,2,3,3,8,Loyal,1,2
SG-20890,227,5,47.946,1,1,1,3,At Risk,1,2
SH-19975,30,29,3406.8395,4,4,3,11,Champions,2,0
SH-20395,24,15,2180.718,4,3,2,9,Loyal,1,0
SH-20635,766,2,2096.392,1,1,2,4,At Risk,0,1
SJ-20125,96,24,3949.656,2,4,4,10,Champions,2,0
SJ-20215,30,10,1341.036,4,2,2,8,Loyal,1,2
SJ-20500,254,7,1318.776,1,1,2,4,At Risk,1,2
SK-19990,9,5,883.409,4,1,1,6,Potential,1,2
SL-20155,71,9,3053.012,3,2,3,8,Loyal,1,2
SM-20005,422,6,244.49399999999997,1,1,1,3,At Risk,0,1
SM-20320,80,15,25043.05,2,3,4,9,Loyal,2,0
SM-20905,607,6,1043.041,1,1,1,3,At Risk,0,1
SM-20950,26,22,5563.392,4,4,4,12,Champions,2,0
SN-20560,112,15,1860.418,2,3,2,7,Loyal,1,0
SN-20710,80,19,3127.9592,2,4,3,9,Loyal,2,0
SO-20335,30,15,2602.5755,4,3,3,10,Champions,1,0
SP-20545,328,10,1306.086,1,2,2,5,Potential,0,1
SP-20620,48,24,5440.319,3,4,4,11,Champions,2,0
SP-20650,387,15,1872.436,1,3,2,6,Potential,0,1
SP-20860,80,24,4282.94,2,4,4,10,Champions,2,0
SP-20920,71,14,3990.689,3,3,4,10,Champions,1,0
SR-20425,9,9,3233.481,4,2,3,9,Loyal,1,2
SR-20740,197,12,4345.8859999999995,1,3,4,8,Loyal,1,0
SS-20140,16,21,1324.028,4,4,2,10,Champions,2,0
SS-20410,111,12,3056.807,2,3,3,8,Loyal,1,2
SS-20515,492,6,613.4,1,1,1,3,At Risk,0,1
SS-20590,433,9,418.49,1,2,1,4,At Risk,0,1
SS-20875,121,15,964.636,2,3,1,6,Potential,1,2
ST-20530,126,12,433.34,2,3,1,6,Potential,1,2
SU-20665,21,18,2595.364,4,4,3,11,Champions,2,0
SV-20365,102,32,11470.95,2,4,4,10,Champions,2,0
SV-20785,321,25,4105.305,1,4,4,9,Loyal,2,0
SV-20815,77,6,1271.09,2,1,2,5,Potential,1,2
SV-20935,3,13,1903.491,4,3,2,9,Loyal,1,2
SW-20245,82,10,1085.078,2,2,1,5,Potential,1,2
SW-20275,31,7,1966.65,4,1,2,7,Loyal,1,2
SW-20350,163,6,1019.044,2,1,1,4,At Risk,1,2
SW-20455,163,9,2921.544,2,2,3,7,Loyal,1,2
SW-20755,535,8,758.6959999999999,1,2,1,4,At Risk,0,1
SZ-20035,36,20,3625.329,3,4,3,10,Champions,2,0
TA-21385,70,10,14595.62,3,2,4,9,Loyal,2,0
TB-21055,120,18,1467.881,2,4,2,8,Loyal,1,0
TB-21175,59,11,3589.296,3,2,3,8,Loyal,1,2
TB-21190,50,4,816.1740000000001,3,1,1,5,Potential,1,2
TB-21250,350,19,1602.376,1,4,2,7,Loyal,1,1
TB-21280,584,11,2198.45,1,2,2,5,Potential,0,1
TB-21355,147,13,834.328,2,3,1,6,Potential,1,2
TB-21400,203,17,9133.99,1,4,4,9,Loyal,2,0
TB-21520,108,20,4737.486,2,4,4,10,Champions,2,0
TB-21595,286,7,1387.559,1,1,2,4,At Risk,1,2
TB-21625,31,15,2797.668,4,3,3,10,Champions,1,0
TC-20980,400,12,19052.218,1,3,4,8,Loyal,2,0
TC-21145,107,4,1038.26,2,1,1,4,At Risk,1,2
TC-21295,28,16,4266.812,4,4,4,12,Champions,2,0
TC-21475,154,11,1244.976,2,2,2,6,Potential,1,2
TC-21535,5,10,742.5580000000001,4,2,1,7,Loyal,1,2
TD-20995,38,16,1434.5480000000002,3,4,2,9,Loyal,1,0
TG-21310,338,9,3058.372,1,2,3,6,Potential,0,1
TG-21640,115,10,2074.661,2,2,2,6,Potential,1,2
TH-21100,345,7,2422.824,1,1,3,5,Potential,0,1
TH-21115,59,9,2942.772,3,2,3,8,Loyal,1,2
TH-21235,118,13,1022.201,2,3,1,6,Potential,1,2
TH-21550,73,13,4234.0960000000005,3,3,4,10,Champions,1,0
TM-21010,104,19,2955.2259999999997,2,4,3,9,Loyal,2,0
TM-21490,131,4,1094.678,2,1,1,4,At Risk,1,2
TN-21040,91,12,3130.221,2,3,3,8,Loyal,1,2
TP-21130,9,16,4454.0560000000005,4,4,4,12,Champions,2,0
TP-21415,105,10,5329.0048,2,2,4,8,Loyal,1,0
TP-21565,351,10,1936.64,1,2,2,5,Potential,0,1
TR-21325,194,7,675.9419999999999,1,1,1,3,At Risk,1,2
TS-21085,358,2,4.833,1,1,1,3,At Risk,0,2
TS-21160,505,17,2163.6240000000003,1,4,2,7,Loyal,0,1
TS-21205,199,19,5371.09,1,4,4,9,Loyal,2,0
TS-21340,227,12,974.782,1,3,1,5,Potential,1,2
TS-21370,37,15,11891.751,3,3,4,10,Champions,2,0
TS-21430,173,7,2054.14,2,1,2,5,Potential,1,2
TS-21505,12,14,2243.274,4,3,2,9,Loyal,1,0
TS-21610,56,11,2820.424,3,2,3,8,Loyal,1,2
TS-21655,239,14,3368.094,1,3,3,7,Loyal,1,2
TT-21070,32,14,4915.602,3,3,4,10,Champions,2,0
TT-21220,184,15,1427.044,2,3,2,7,Loyal,1,2
TT-21265,407,3,439.5,1,1,1,3,At Risk,0,2
TT-21460,13,14,5364.808,4,3,4,11,Champions,2,0
TW-21025,65,12,5278.826,3,3,4,10,Champions,2,0
TZ-21580,36,9,1707.286,3,2,2,7,Loyal,1,2
VB-21745,55,10,2005.596,3,2,2,7,Loyal,1,2
VD-21670,582,16,6442.254,1,4,4,9,Loyal,0,0
VF-21715,14,11,847.944,4,2,1,7,Loyal,1,2
VG-21790,155,8,846.01,2,2,1,5,Potential,1,2
VG-21805,287,6,427.372,1,1,1,3,At Risk,1,2
VM-21685,55,12,2454.866,3,3,3,9,Loyal,1,2
VM-21835,118,8,380.69,2,2,1,5,Potential,1,2
VP-21730,31,5,993.902,4,1,1,6,Potential,1,2
VP-21760,76,14,3360.526,3,3,3,9,Loyal,1,2
VS-21820,222,8,1055.981,1,2,1,4,At Risk,1,2
VT-21700,1001,9,1736.596,1,2,2,5,Potential,0,1
VW-21775,29,18,6134.0380000000005,4,4,4,12,Champions,2,0
WB-21850,21,37,6160.102,4,4,4,12,Champions,2,0
XP-21865,44,28,2374.658,3,4,3,10,Champions,2,0
YC-21895,5,8,5454.35,4,2,4,10,Champions,1,0
YS-21880,10,12,6720.4439999999995,4,3,4,11,Champions,2,0
ZC-21910,55,31,8025.707,3,4,4,11,Champions,2,0
ZD-21925,203,9,1493.944,1,2,2,5,Potential,1,2
